{"cameraMode":{"drawMode":0,"name":"Shaded","section":"Shading Mode"},"sceneLighting":false,"audioPlay":false,"sceneViewState":{"m_AlwaysRefresh":false,"showFog":true,"showSkybox":false,"showFlares":true,"showImageEffects":true,"showParticleSystems":true,"showVisualEffectGraphs":true,"m_FxEnabled":true},"in2DMode":false,"pivot":{"x":2.3865983486175539,"y":0.7724000215530396,"z":-0.1613152027130127},"rotation":{"x":0.20843516290187837,"y":-0.4171519875526428,"z":0.09893437474966049,"w":0.8791139721870422},"size":0.21157923340797425,"orthographic":false}