{"cameraMode":{"drawMode":0,"name":"Shaded","section":"Shading Mode"},"sceneLighting":true,"audioPlay":false,"sceneViewState":{"m_AlwaysRefresh":false,"showFog":true,"showSkybox":true,"showFlares":true,"showImageEffects":true,"showParticleSystems":true,"showVisualEffectGraphs":true,"m_FxEnabled":true},"in2DMode":false,"pivot":{"x":0.12861156463623048,"y":1.392716646194458,"z":-0.3925633430480957},"rotation":{"x":-0.2993816137313843,"y":-0.33509838581085207,"z":0.11323431134223938,"w":-0.8861631751060486},"size":2.4058542251586916,"orthographic":false}