{"cameraMode":{"drawMode":0,"name":"Shaded","section":"Shading Mode"},"sceneLighting":true,"audioPlay":false,"sceneViewState":{"m_AlwaysRefresh":false,"showFog":true,"showSkybox":true,"showFlares":true,"showImageEffects":true,"showParticleSystems":true,"showVisualEffectGraphs":true,"m_FxEnabled":true},"in2DMode":false,"pivot":{"x":0.20088401436805726,"y":0.6044961214065552,"z":-0.6813888549804688},"rotation":{"x":-0.1531667709350586,"y":0.712824285030365,"z":-0.16470159590244294,"w":-0.6645954847335815},"size":1.9072766304016114,"orthographic":false}