{"cameraMode":{"drawMode":0,"name":"Shaded","section":"Shading Mode"},"sceneLighting":true,"audioPlay":false,"sceneViewState":{"m_AlwaysRefresh":false,"showFog":true,"showSkybox":true,"showFlares":true,"showImageEffects":true,"showParticleSystems":true,"showVisualEffectGraphs":true,"m_FxEnabled":true},"in2DMode":false,"pivot":{"x":1.3473961353302003,"y":-0.07503950595855713,"z":-0.22821462154388429},"rotation":{"x":0.20367881655693055,"y":-0.795449435710907,"z":0.38160082697868349,"w":0.42452025413513186},"size":1.2024016380310059,"orthographic":false}