{"cameraMode":{"drawMode":0,"name":"Shaded","section":"Shading Mode"},"sceneLighting":true,"audioPlay":false,"sceneViewState":{"m_AlwaysRefresh":false,"showFog":true,"showSkybox":true,"showFlares":true,"showImageEffects":true,"showParticleSystems":true,"showVisualEffectGraphs":true,"m_FxEnabled":true},"in2DMode":false,"pivot":{"x":2.9934587478637697,"y":1.609802007675171,"z":-1.3494924306869507},"rotation":{"x":-0.022494466975331308,"y":-0.7104141116142273,"z":0.022492706775665284,"w":-0.7032421827316284},"size":0.7313476204872131,"orthographic":false}