{"cameraMode":{"drawMode":0,"name":"Shaded","section":"Shading Mode"},"sceneLighting":true,"audioPlay":false,"sceneViewState":{"m_AlwaysRefresh":false,"showFog":true,"showSkybox":true,"showFlares":true,"showImageEffects":true,"showParticleSystems":true,"showVisualEffectGraphs":true,"m_FxEnabled":true},"in2DMode":false,"pivot":{"x":2.4749999046325685,"y":0.849914014339447,"z":-1.188999891281128},"rotation":{"x":0.041731249541044238,"y":0.8773782253265381,"z":-0.07658687978982926,"w":0.472237229347229},"size":2.9168968200683595,"orthographic":false}