{"cameraMode":{"drawMode":0,"name":"Shaded","section":"Shading Mode"},"sceneLighting":true,"audioPlay":false,"sceneViewState":{"m_AlwaysRefresh":false,"showFog":true,"showSkybox":true,"showFlares":true,"showImageEffects":true,"showParticleSystems":true,"showVisualEffectGraphs":true,"m_FxEnabled":true},"in2DMode":false,"pivot":{"x":-2.4772491455078127,"y":2.4589881896972658,"z":4.04359245300293},"rotation":{"x":0.016593387350440027,"y":0.9739572405815125,"z":-0.07493145763874054,"w":0.21412116289138795},"size":-0.5660256147384644,"orthographic":false}